document_id,filename,sha256,page_count,organization,language,text_profile,document_role,document_role_evidence,procurement_type,year,tender_reference,dossier_id,review_status,available_locally,notes
CDC-DEV-001,MM_Cahier-des-charges-type-Entretien.pdf,f3b99c74d7d1fad9cd438869be1aa8e19d2329d99e28900c444cc3f0b3b8545d,30,,FRENCH,native,CDC,Title page: Cahiers de charge type; visual review pending,WORKS,,,,HUMAN_REVIEW_REQUIRED,true,"Acquisition hint only; unverified: role=CDC, language=FRENCH, procurement=WORKS, organization=UNKNOWN. Folder-based organization is a grouping hint only; source page URL and download provenance were not supplied."
CDC-DEV-002,Consultation_N___06bis-_2026.pdf,026a08738362878b26db872df5f06a3268f83aba9cf63f56281995d0665d6590,,,UNKNOWN,UNKNOWN,UNKNOWN,,UNKNOWN,,,,UNAVAILABLE_PENDING_REVIEW,false,"Acquisition hint only; unverified: role=UNKNOWN, language=UNKNOWN, procurement=UNKNOWN, organization=UNKNOWN. Folder-based organization is a grouping hint only; source page URL and download provenance were not supplied."
CDC-DEV-003,Présidence du Gouvernement — Maintenance des photocopieurs/Upcar_AMI_Mai-2024_Fr.pdf,0952df3971abe21b879ca5b0e92e329ef76bdb23114d149d10fcf113953fb368,,Présidence du Gouvernement,UNKNOWN,UNKNOWN,UNKNOWN,,UNKNOWN,,,,UNAVAILABLE_PENDING_REVIEW,false,"Acquisition hint only; unverified: role=NOTICE, language=FRENCH, procurement=WORKS, organization=Présidence du Gouvernement. Folder-based organization is a grouping hint only; source page URL and download provenance were not supplied."
CDC-DEV-004,"Présidence du Gouvernement — Maintenance des photocopieurs/Avis d'appel d'offre n°132024 à procedures simplifiées, acquisition de consommables pour copieurs de Types SHARP pour le compte de la Présidence du Gouvernement  au titre de l'année 2024.pdf",0fe8f2c25fb55860a899d735739571a0250784f5d48018e5ab71ab78b809ea22,,Présidence du Gouvernement,UNKNOWN,UNKNOWN,UNKNOWN,,UNKNOWN,,,,UNAVAILABLE_PENDING_REVIEW,false,"Acquisition hint only; unverified: role=UNKNOWN, language=UNKNOWN, procurement=UNKNOWN, organization=Présidence du Gouvernement. Folder-based organization is a grouping hint only; source page URL and download provenance were not supplied."
CDC-DEV-005,Présidence du Gouvernement — Maintenance des photocopieurs/avis-fr-2025.pdf,1f1423fdb6900e1d205c8250a7482b0cc9b771a63f9f4ba05610ae4bdbade209,,Présidence du Gouvernement,UNKNOWN,UNKNOWN,UNKNOWN,,UNKNOWN,,,,UNAVAILABLE_PENDING_REVIEW,false,"Acquisition hint only; unverified: role=CDC, language=BILINGUAL, procurement=GOODS, organization=Présidence du Gouvernement. Folder-based organization is a grouping hint only; source page URL and download provenance were not supplied."
CDC-DEV-006,Présidence du Gouvernement — Maintenance des photocopieurs/كراس الشروط الإدارية والفنية الخاصة.pdf,2b0fe4062ee1ebe9da807c35fc2910d275fd49016d45f35ff2c7dcf8cb6833f1,,Présidence du Gouvernement,UNKNOWN,UNKNOWN,UNKNOWN,,UNKNOWN,,,,UNAVAILABLE_PENDING_REVIEW,false,"Acquisition hint only; unverified: role=CDC, language=ARABIC, procurement=UNKNOWN, organization=Présidence du Gouvernement. Folder-based organization is a grouping hint only; source page URL and download provenance were not supplied."
CDC-DEV-007,Présidence du Gouvernement — Maintenance des photocopieurs/avis-fr (1).pdf,2c8b7c22f3407aac5c2ada9ff17367bdd79e058d13fd5dfd3aec7b7ebc664f52,,Présidence du Gouvernement,UNKNOWN,UNKNOWN,UNKNOWN,,UNKNOWN,,,,UNAVAILABLE_PENDING_REVIEW,false,"Acquisition hint only; unverified: role=CDC, language=FRENCH, procurement=MAINTENANCE, organization=Présidence du Gouvernement. Folder-based organization is a grouping hint only; source page URL and download provenance were not supplied."
CDC-DEV-008,Présidence du Gouvernement — Maintenance des photocopieurs/avis-francais-2025.pdf,3aa04c16670c3b2167f4463c3701c09c47774fd09c98a509c68d376e2bb242a7,,Présidence du Gouvernement,UNKNOWN,UNKNOWN,UNKNOWN,,UNKNOWN,,,,UNAVAILABLE_PENDING_REVIEW,false,"Acquisition hint only; unverified: role=NOTICE, language=FRENCH, procurement=GOODS, organization=Présidence du Gouvernement. Folder-based organization is a grouping hint only; source page URL and download provenance were not supplied."
CDC-DEV-009,C.C._Consultaion_06-2026-26022026142257.pdf,49c608e88db3608085b8723d8a46711ac38ed80d037f502da31b390b887d7d81,,,UNKNOWN,UNKNOWN,UNKNOWN,,UNKNOWN,,,,UNAVAILABLE_PENDING_REVIEW,false,"Acquisition hint only; unverified: role=UNKNOWN, language=UNKNOWN, procurement=UNKNOWN, organization=UNKNOWN. Folder-based organization is a grouping hint only; source page URL and download provenance were not supplied."
CDC-DEV-010,Présidence du Gouvernement — Maintenance des photocopieurs/avis-francais-a-o-02-2024-consommables-informatiques.pdf,770c5578474fcdace1360cfe739ed5fb9aa1b200d77230716c39cc6df2be736e,,Présidence du Gouvernement,UNKNOWN,UNKNOWN,UNKNOWN,,UNKNOWN,,,,UNAVAILABLE_PENDING_REVIEW,false,"Acquisition hint only; unverified: role=NOTICE, language=FRENCH, procurement=IT, organization=Présidence du Gouvernement. Folder-based organization is a grouping hint only; source page URL and download provenance were not supplied."
CDC-DEV-011,Présidence du Gouvernement — Maintenance des photocopieurs/avis-fr-18102025.pdf,80916e3dbad17bad48ea2976819a3781d2a9f1bcd5e1ea9a34b81652fb27502f,,Présidence du Gouvernement,UNKNOWN,UNKNOWN,UNKNOWN,,UNKNOWN,,,,UNAVAILABLE_PENDING_REVIEW,false,"Acquisition hint only; unverified: role=CDC, language=BILINGUAL, procurement=GOODS, organization=Présidence du Gouvernement. Folder-based organization is a grouping hint only; source page URL and download provenance were not supplied."
CDC-DEV-012,Présidence du Gouvernement — Maintenance des photocopieurs/avis français 03-2025-consommables informatiques.pdf,9c850d443782b49d37edb5856832eee729b81e023f9ed1c34e602824a8d51adf,,Présidence du Gouvernement,UNKNOWN,UNKNOWN,UNKNOWN,,UNKNOWN,,,,UNAVAILABLE_PENDING_REVIEW,false,"Acquisition hint only; unverified: role=CDC, language=BILINGUAL, procurement=IT, organization=Présidence du Gouvernement. Folder-based organization is a grouping hint only; source page URL and download provenance were not supplied."
CDC-DEV-013,Présidence du Gouvernement — Maintenance des photocopieurs/annoncejuin2024-fr.pdf,9e25ea3e32108d4f82384e6213aebacc6c158fd0a363066abc39f5b81e72cbed,,Présidence du Gouvernement,UNKNOWN,UNKNOWN,UNKNOWN,,UNKNOWN,,,,UNAVAILABLE_PENDING_REVIEW,false,"Acquisition hint only; unverified: role=NOTICE, language=FRENCH, procurement=GOODS, organization=Présidence du Gouvernement. Folder-based organization is a grouping hint only; source page URL and download provenance were not supplied."
CDC-DEV-014,Présidence du Gouvernement — Maintenance des photocopieurs/Avis d’Appel d’offres N°162024.pdf,af8ef46754e321cfe13a2a25713538f7f79a81d923f11ea4f8d950306ea172ba,,Présidence du Gouvernement,UNKNOWN,UNKNOWN,UNKNOWN,,UNKNOWN,,,,UNAVAILABLE_PENDING_REVIEW,false,"Acquisition hint only; unverified: role=CDC, language=FRENCH, procurement=MAINTENANCE, organization=Présidence du Gouvernement. Folder-based organization is a grouping hint only; source page URL and download provenance were not supplied."
CDC-DEV-015,Présidence du Gouvernement — Maintenance des photocopieurs/avis-francais-12-2024-habillent-pg.pdf,afcc050ae95fa4644914fd7d0fab5ac062ffe381e83c2afdbf2963733c2f60b1,,Présidence du Gouvernement,UNKNOWN,UNKNOWN,UNKNOWN,,UNKNOWN,,,,UNAVAILABLE_PENDING_REVIEW,false,"Acquisition hint only; unverified: role=NOTICE, language=FRENCH, procurement=GOODS, organization=Présidence du Gouvernement. Folder-based organization is a grouping hint only; source page URL and download provenance were not supplied."
CDC-DEV-016,Présidence du Gouvernement — Maintenance des photocopieurs/نصّ الإعلان باللغة الفرنسية.pdf,b828b73c7bd5bc99c10131d570b1029642f12e3407e1562a07b26528ec5f08b5,,Présidence du Gouvernement,UNKNOWN,UNKNOWN,UNKNOWN,,UNKNOWN,,,,UNAVAILABLE_PENDING_REVIEW,false,"Acquisition hint only; unverified: role=NOTICE, language=FRENCH, procurement=GOODS, organization=Présidence du Gouvernement. Folder-based organization is a grouping hint only; source page URL and download provenance were not supplied."
CDC-DEV-017,Présidence du Gouvernement — Maintenance des photocopieurs/VISIOCONFERENCE.pdf,c33db281111342a6fd80b118bb7658b964c10584933cf4a51d6e8b5c3400c831,,Présidence du Gouvernement,UNKNOWN,UNKNOWN,UNKNOWN,,UNKNOWN,,,,UNAVAILABLE_PENDING_REVIEW,false,"Acquisition hint only; unverified: role=CCAP, language=FRENCH, procurement=MAINTENANCE, organization=Présidence du Gouvernement. Folder-based organization is a grouping hint only; source page URL and download provenance were not supplied."
CDC-DEV-018,Présidence du Gouvernement — Maintenance des photocopieurs/cahier-des-charges-appel-offres-10-2025-pg-2025 (1).pdf,c489949ecb3f71c9e2327cb7d72fdeb898c318d31c43bc32e909f17cc3d3b4a8,,Présidence du Gouvernement,UNKNOWN,UNKNOWN,UNKNOWN,,UNKNOWN,,,,UNAVAILABLE_PENDING_REVIEW,false,"Acquisition hint only; unverified: role=CCAP, language=FRENCH, procurement=MAINTENANCE, organization=Présidence du Gouvernement. Folder-based organization is a grouping hint only; source page URL and download provenance were not supplied."
CDC-DEV-019,Présidence du Gouvernement — Maintenance des photocopieurs/avis-fr.pdf,c79b4885d55e9a251c697e486e815879790acd50ca359e222aadcb394ee653c3,,Présidence du Gouvernement,UNKNOWN,UNKNOWN,UNKNOWN,,UNKNOWN,,,,UNAVAILABLE_PENDING_REVIEW,false,"Acquisition hint only; unverified: role=CDC, language=BILINGUAL, procurement=GOODS, organization=Présidence du Gouvernement. Folder-based organization is a grouping hint only; source page URL and download provenance were not supplied."
CDC-DEV-020,Présidence du Gouvernement — Maintenance des photocopieurs/avis-version-français-2025.pdf,cad16ac5e4a2b22fe207764faae30a8c1fbbbc4e3bad2ea450d20911e4fe7f3f,,Présidence du Gouvernement,UNKNOWN,UNKNOWN,UNKNOWN,,UNKNOWN,,,,UNAVAILABLE_PENDING_REVIEW,false,"Acquisition hint only; unverified: role=CDC, language=FRENCH, procurement=MAINTENANCE, organization=Présidence du Gouvernement. Folder-based organization is a grouping hint only; source page URL and download provenance were not supplied."
CDC-DEV-021,Présidence du Gouvernement — Maintenance des photocopieurs/cahier des charges 14072025.pdf,e00f8a223206eb36664668a88f77c7028e54ed9f7e90cd950b7481346d881554,,Présidence du Gouvernement,UNKNOWN,UNKNOWN,UNKNOWN,,UNKNOWN,,,,UNAVAILABLE_PENDING_REVIEW,false,"Acquisition hint only; unverified: role=CDC, language=UNKNOWN, procurement=UNKNOWN, organization=Présidence du Gouvernement. Folder-based organization is a grouping hint only; source page URL and download provenance were not supplied."
CDC-DEV-022,Présidence du Gouvernement — Maintenance des photocopieurs/cdc-fr-16102026.pdf,e920382499e837baf81aca362fd3984ea1e68d5b8c9e939e0e5043c14616bf5b,,Présidence du Gouvernement,UNKNOWN,UNKNOWN,UNKNOWN,,UNKNOWN,,,,UNAVAILABLE_PENDING_REVIEW,false,"Acquisition hint only; unverified: role=CDC, language=BILINGUAL, procurement=SERVICES, organization=Présidence du Gouvernement. Folder-based organization is a grouping hint only; source page URL and download provenance were not supplied."
CDC-DEV-023,Présidence du Gouvernement — Maintenance des photocopieurs/avis-français06122025.pdf,eb0e75156d348564e43961633730a0845361414d92897551741f0b6d5717c350,,Présidence du Gouvernement,UNKNOWN,UNKNOWN,UNKNOWN,,UNKNOWN,,,,UNAVAILABLE_PENDING_REVIEW,false,"Acquisition hint only; unverified: role=CDC, language=BILINGUAL, procurement=GOODS, organization=Présidence du Gouvernement. Folder-based organization is a grouping hint only; source page URL and download provenance were not supplied."
CDC-DEV-024,Présidence du Gouvernement — Maintenance des photocopieurs/avisfr23082024.pdf,f17befc209433557cb9795f3698367f44fbf6dac3829a0827e6711744a9f0068,,Présidence du Gouvernement,UNKNOWN,UNKNOWN,UNKNOWN,,UNKNOWN,,,,UNAVAILABLE_PENDING_REVIEW,false,"Acquisition hint only; unverified: role=CDC, language=BILINGUAL, procurement=MAINTENANCE, organization=Présidence du Gouvernement. Folder-based organization is a grouping hint only; source page URL and download provenance were not supplied."
CDC-DEV-025,Présidence du Gouvernement — Maintenance des photocopieurs/cdc-francais-2025.pdf,f268d3f0808f83435cf248ddbbfcbdeec319bb1bad0eaa98dd7c766ec7f3eb20,,Présidence du Gouvernement,UNKNOWN,UNKNOWN,UNKNOWN,,UNKNOWN,,,,UNAVAILABLE_PENDING_REVIEW,false,"Acquisition hint only; unverified: role=CDC, language=BILINGUAL, procurement=MAINTENANCE, organization=Présidence du Gouvernement. Folder-based organization is a grouping hint only; source page URL and download provenance were not supplied."
