filename,size_bytes,sha256,valid_pdf,page_count,native_text_available,title_hint,exact_duplicate_of,error,content_simhash
C.C._Consultaion_06-2026-26022026142257.pdf,10166218,49c608e88db3608085b8723d8a46711ac38ed80d037f502da31b390b887d7d81,True,37,False,  ,,,ffffffffffffffff
Consultation_N___06bis-_2026.pdf,8720460,026a08738362878b26db872df5f06a3268f83aba9cf63f56281995d0665d6590,True,32,False,  ,,,ffffffffffffffff
MM_Cahier-des-charges-type-Entretien.pdf,1390546,f3b99c74d7d1fad9cd438869be1aa8e19d2329d99e28900c444cc3f0b3b8545d,True,30,True, ,,,f8b7c576e6852f77
Présidence du Gouvernement — Maintenance des photocopieurs\annoncejuin2024-fr.pdf,612553,9e25ea3e32108d4f82384e6213aebacc6c158fd0a363066abc39f5b81e72cbed,True,2,True, ,,,d8346326d68e0c7e
"Présidence du Gouvernement — Maintenance des photocopieurs\Avis d'appel d'offre n°132024 à procedures simplifiées, acquisition de consommables pour copieurs de Types SHARP pour le compte de la Présidence du Gouvernement  au titre de l'année 2024.pdf",51179,0fe8f2c25fb55860a899d735739571a0250784f5d48018e5ab71ab78b809ea22,True,1,False,,,,ffffffffffffffff
Présidence du Gouvernement — Maintenance des photocopieurs\Avis d’Appel d’offres N°162024.pdf,1852093,af8ef46754e321cfe13a2a25713538f7f79a81d923f11ea4f8d950306ea172ba,True,97,True,République Tunisienne ,,,fab5434e64a60c76
Présidence du Gouvernement — Maintenance des photocopieurs\avis français 03-2025-consommables informatiques.pdf,2277086,9c850d443782b49d37edb5856832eee729b81e023f9ed1c34e602824a8d51adf,True,76,True, ,,,f835e326e48a0c7e
Présidence du Gouvernement — Maintenance des photocopieurs\avis-fr (1).pdf,2002842,2c8b7c22f3407aac5c2ada9ff17367bdd79e058d13fd5dfd3aec7b7ebc664f52,True,48,True, ,,,feb5c97ee68c0e7a
Présidence du Gouvernement — Maintenance des photocopieurs\avis-fr-18102025.pdf,2307344,80916e3dbad17bad48ea2976819a3781d2a9f1bcd5e1ea9a34b81652fb27502f,True,21,True, ,,,d835836666840e53
Présidence du Gouvernement — Maintenance des photocopieurs\avis-fr-2025.pdf,995609,1f1423fdb6900e1d205c8250a7482b0cc9b771a63f9f4ba05610ae4bdbade209,True,18,True, ,,,b835836e66860c5b
Présidence du Gouvernement — Maintenance des photocopieurs\avis-fr.pdf,1921167,c79b4885d55e9a251c697e486e815879790acd50ca359e222aadcb394ee653c3,True,32,True, ,,,fc350336e6ae1c73
Présidence du Gouvernement — Maintenance des photocopieurs\avis-francais-12-2024-habillent-pg.pdf,589573,afcc050ae95fa4644914fd7d0fab5ac062ffe381e83c2afdbf2963733c2f60b1,True,2,True, ,,,fc352336c68c2c7a
Présidence du Gouvernement — Maintenance des photocopieurs\avis-francais-2025.pdf,2121235,3aa04c16670c3b2167f4463c3701c09c47774fd09c98a509c68d376e2bb242a7,True,97,True, ,,,fc3423a6d6882c7f
Présidence du Gouvernement — Maintenance des photocopieurs\avis-francais-a-o-02-2024-consommables-informatiques.pdf,515920,770c5578474fcdace1360cfe739ed5fb9aa1b200d77230716c39cc6df2be736e,True,2,True, ,,,f835e32ee68a0c7e
Présidence du Gouvernement — Maintenance des photocopieurs\avis-français06122025.pdf,730729,eb0e75156d348564e43961633730a0845361414d92897551741f0b6d5717c350,True,16,True, ,,,b8b5032e668e2e5f
Présidence du Gouvernement — Maintenance des photocopieurs\avis-version-français-2025.pdf,2474684,cad16ac5e4a2b22fe207764faae30a8c1fbbbc4e3bad2ea450d20911e4fe7f3f,True,37,True, ,,,f835c36ee4842e72
Présidence du Gouvernement — Maintenance des photocopieurs\avisfr23082024.pdf,2502132,f17befc209433557cb9795f3698367f44fbf6dac3829a0827e6711744a9f0068,True,44,True, ,,,9d35417ee68c0c7f
Présidence du Gouvernement — Maintenance des photocopieurs\cahier des charges 14072025.pdf,6212069,e00f8a223206eb36664668a88f77c7028e54ed9f7e90cd950b7481346d881554,True,54,False,  ,,,ffffffffffffffff
Présidence du Gouvernement — Maintenance des photocopieurs\cahier-des-charges-appel-offres-10-2025-pg-2025 (1).pdf,2049484,c489949ecb3f71c9e2327cb7d72fdeb898c318d31c43bc32e909f17cc3d3b4a8,True,36,True,1 ,,,f835493668a63cd6
Présidence du Gouvernement — Maintenance des photocopieurs\cahier-des-charges-appel-offres-10-2025-pg-2025.pdf,2049484,c489949ecb3f71c9e2327cb7d72fdeb898c318d31c43bc32e909f17cc3d3b4a8,True,36,True,1 ,Présidence du Gouvernement — Maintenance des photocopieurs\cahier-des-charges-appel-offres-10-2025-pg-2025 (1).pdf,,f835493668a63cd6
Présidence du Gouvernement — Maintenance des photocopieurs\cdc-fr-16102026.pdf,1310115,e920382499e837baf81aca362fd3984ea1e68d5b8c9e939e0e5043c14616bf5b,True,18,True, ,,,b8b58326668e0c76
Présidence du Gouvernement — Maintenance des photocopieurs\cdc-francais-2025.pdf,3240612,f268d3f0808f83435cf248ddbbfcbdeec319bb1bad0eaa98dd7c766ec7f3eb20,True,44,True, ,,,dd35c13ee68e0e7f
Présidence du Gouvernement — Maintenance des photocopieurs\Upcar_AMI_Mai-2024_Fr.pdf,77789,0952df3971abe21b879ca5b0e92e329ef76bdb23114d149d10fcf113953fb368,True,1,True, ,,,bcb7cd6a67802c5a
Présidence du Gouvernement — Maintenance des photocopieurs\VISIOCONFERENCE.pdf,838984,c33db281111342a6fd80b118bb7658b964c10584933cf4a51d6e8b5c3400c831,True,30,True,1 ,,,d035c96e678c3e56
Présidence du Gouvernement — Maintenance des photocopieurs\كراس الشروط الإدارية والفنية الخاصة.pdf,1490076,2b0fe4062ee1ebe9da807c35fc2910d275fd49016d45f35ff2c7dcf8cb6833f1,True,51,True, ,,,fc752103bd806ed3
Présidence du Gouvernement — Maintenance des photocopieurs\نصّ الإعلان باللغة الفرنسية.pdf,575806,b828b73c7bd5bc99c10131d570b1029642f12e3407e1562a07b26528ec5f08b5,True,1,True, ,,,f835436e46ae0c5b
